-- phpMyAdmin SQL Dump
-- version 5.0.4
-- https://www.phpmyadmin.net/
--
-- Hôte : 127.0.0.1
-- Généré le : jeu. 15 avr. 2021 à 15:53
-- Version du serveur :  10.4.17-MariaDB
-- Version de PHP : 8.0.1

SET SQL_MODE = "NO_AUTO_VALUE_ON_ZERO";
START TRANSACTION;
SET time_zone = "+00:00";


/*!40101 SET @OLD_CHARACTER_SET_CLIENT=@@CHARACTER_SET_CLIENT */;
/*!40101 SET @OLD_CHARACTER_SET_RESULTS=@@CHARACTER_SET_RESULTS */;
/*!40101 SET @OLD_COLLATION_CONNECTION=@@COLLATION_CONNECTION */;
/*!40101 SET NAMES utf8mb4 */;

--
-- Base de données : `webstore`
--

-- --------------------------------------------------------

--
-- Structure de la table `account`
--

CREATE TABLE `account` (
  `id` int(10) NOT NULL,
  `firstname` varchar(80) NOT NULL,
  `lastname` varchar(80) NOT NULL,
  `mail` varchar(80) NOT NULL,
  `password` varchar(80) NOT NULL
) ENGINE=InnoDB DEFAULT CHARSET=utf8mb4;

--
-- Déchargement des données de la table `account`
--

INSERT INTO `account` (`id`, `firstname`, `lastname`, `mail`, `password`) VALUES
(17, 'Andy', 'Cap&eacute;', 'andycape@gmail.com', 'c71ec4203076aeec6f58ad962bd4df9f534372b8'),
(18, 'Brise', 'Glace', 'glacebrise@gmail.com', 'c71ec4203076aeec6f58ad962bd4df9f534372b8'),
(19, 'Eric', 'Hochet', 'erichochet@gmail.com', 'c71ec4203076aeec6f58ad962bd4df9f534372b8'),
(20, 'Guy', 'De Michelin', 'guydemichelin@gmail.com', 'c71ec4203076aeec6f58ad962bd4df9f534372b8');

-- --------------------------------------------------------

--
-- Structure de la table `category`
--

CREATE TABLE `category` (
  `id` int(10) NOT NULL,
  `name` varchar(80) NOT NULL
) ENGINE=InnoDB DEFAULT CHARSET=utf8mb4;

--
-- Déchargement des données de la table `category`
--

INSERT INTO `category` (`id`, `name`) VALUES
(1, 'Sky Watcher'),
(3, 'Celestron');

-- --------------------------------------------------------

--
-- Structure de la table `comment`
--

CREATE TABLE `comment` (
  `id` int(10) NOT NULL,
  `content` text NOT NULL,
  `date` date NOT NULL,
  `id_product` int(10) NOT NULL,
  `id_account` int(10) NOT NULL
) ENGINE=InnoDB DEFAULT CHARSET=utf8mb4;

--
-- Déchargement des données de la table `comment`
--

INSERT INTO `comment` (`id`, `content`, `date`, `id_product`, `id_account`) VALUES
(50, 'Je vois plus loin que sans mes lunettes', '2021-04-15', 4, 6),
(51, 'Je me suis trompé de trou pour regarder', '2021-04-15', 3, 17),
(52, 'Je crois que jai cassé la vitre', '2021-04-15', 1, 18),
(53, 'Je comprends pas, il a rebondi partout', '2021-04-15', 8, 19),
(54, 'Dommage... Il lui manque des étoiles', '2021-04-15', 5, 20);

-- --------------------------------------------------------

--
-- Structure de la table `product`
--

CREATE TABLE `product` (
  `id` int(10) NOT NULL,
  `name` varchar(80) NOT NULL,
  `price` float NOT NULL,
  `image` varchar(80) NOT NULL,
  `image_alt1` varchar(80) NOT NULL,
  `image_alt2` varchar(80) NOT NULL,
  `image_alt3` varchar(80) NOT NULL,
  `spec` text NOT NULL,
  `category` int(10) NOT NULL
) ENGINE=InnoDB DEFAULT CHARSET=utf8mb4;

--
-- Déchargement des données de la table `product`
--

INSERT INTO `product` (`id`, `name`, `price`, `image`, `image_alt1`, `image_alt2`, `image_alt3`, `spec`, `category`) VALUES
(1, 'TELESCOPE SKYWATCHER NEWTON 130/900', 320, 'product_01.jpg', 'product_01_alt1.jpg', 'product_01_alt2.jpg', 'product_01_alt3.jpg', '<h3>Télescope SkyWatcher Newton 130/900 monture équatoriale EQ2 motorisée en AD</h3>\r\n<p>Avec un miroir primaire de 130mm le Newton motorisé 130 de SkyWatcher permet de débuter sérieusement grâce à sa capacité à récolter 30% de lumière en plus qu\'un télescope de 114mm. Sous un ciel bien sombre il est alors possible de voir avec plus de détails qu\'avec un instrument plus petit. Il promet aux débutants désirant investir dans un télescope à la fois lumineux, sans être coûteux, de nombreuses soirées d\'observations riches de découvertes. En observation planétaire après collimation il révélera à l\'aide d\'une Barlow ou d\'un oculaire courte focale de nombreux détails sur Jupiter, Saturne et la Lune.</p>\r\nSa conception Newton offre plusieurs avantages par rapport aux autres familles d\'instruments (lunettes et télescopes Cassegrain). La fabrication tout d\'abord des miroirs est plus économique (miroir sphérique) à diamètre égal et son rapport de focale est généralement plus faible. Vous bénéficiez alors pour un budget attractif d\'un télescope lumineux. L\'obstruction centrale est aussi plus faible que les télescopes type Cassegrain, si la collimation (réglage des miroirs) est bien respectée, la qualité d\'image est bonne en planétaire.\r\n<p>La monture EQ2 avec un tel instrument permet des positionnements fins sur le ciel grâce à des flexibles présents sur chaque axe. Des colliers de fixation permettent d\'adapter la lunette sur la monture. La conception en mode équatoriale permet après mise en station (réglage simple de l\'orientation de la monture vers l\'étoile polaire) de compenser la rotation non pas sur deux axes (monture altaz) mais seulement sur un. Un moteur peut même être rajouté en option pour plus de confort.</p>', 1),
(2, 'TÉLESCOPE 130/650 SUR MONTURE STARQUEST', 227, 'product_02.jpg', 'product_02_alt1.jpg', 'product_02_alt2.jpg', 'product_02_alt3.jpg', '<p>Télescope 130/650 sur monture StarQuest - SKYWATCHER\r\n- Un premier instrument pour débuter dans l\'observation planétaire\r\n- Diamètre de 130mm pour s\'initier à l\'observation du ciel profond\r\n- Monture StarQuest équatoriale (motorisable)\r\nAvec un miroir primaire de 130mm le Newton 130 de Sky-Watcher récolte 30% de lumière en plus qu\'un télescope de 114mm. Sous un ciel bien sombre il est possible de voir plus de détails qu\'avec un instrument plus petit. Il promet aux débutants désirant investir dans un télescope à la fois lumineux, sans être coûteux, de nombreuses soirées d\'observations riches de découvertes. En observation planétaire, il révélera à l\'aide d\'une Barlow ou d\'un oculaire courte focale de nombreux détails sur Jupiter, Saturne et la Lune.\r\n\r\nSa conception Newton offre plusieurs avantages par rapport aux autres familles d\'instruments (lunettes et télescopes Cassegrain). La fabrication tout d\'abord des miroirs est plus économique (miroir sphérique) à diamètre égal et son rapport de focale est généralement plus faible. L\'obstruction centrale est aussi plus faible que les télescopes type Cassegrain, si la collimation (réglage des miroirs) est bien respectée, la qualité d\'image est bonne en planétaire.\r\n\r\nLa monture équatoriale StarQuest offre une bonne stabilité avec le Newton 130 même à fort grossissement ainsi qu\'une bonne robustesse pour un instrument d\'initiation. Elle permet aussi des positionnements fins sur le ciel grâce à des flexibles présents sur chaque axe. Derivée de la monture de voyage Star Adventurer elle en reprend le design, le système de serrage sur chaque axe, et la qualité de suivi.\r\n\r\nLa queue d\'aronde mâle placée sous le tube optique s\'adapte sur la queue d\'aronde femelle de la monture. La conception en mode équatoriale permet après mise en station (réglage simple de l\'orientation de la monture vers l\'étoile polaire) de compenser la rotation non pas sur deux axes (monture altazimutale) mais seulement sur un. Un moteur optionnel est ainsi disponible #SW0442 (simple à fixer et utiliser) il offre un meilleur confort d\'utilisation en compensant la rotation terrestre.', 1),
(3, 'TÉLESCOPE SKYWATCHER MAKSUTOV 90/1250', 237, 'product_03.jpg', 'product_03_alt1.jpg', 'product_03_alt2.jpg', 'product_03_alt3.jpg', '<p>Télescope Skywatcher Maksutov 90/1250  sur équatoriale StarQuest\r\nPlus petit modèle dans la gamme des Maksutov-Cassegrain proposés par Sky-Watcher, le Mak90 est très transportable grâce à sa grande compacité et légèreté. Le miroir primaire, associé au miroir secondaire et à un ménisque concave traité multi-couches donne de surprenants résultats en planétaire. L\'observation de Saturne, Jupiter ou la Lune est très agréable. Complétée par des oculaires de grandes focales, l\'observation des objets du ciel profond les plus brillants telle la grande nébuleuse d\'Orion (M42) ou l\'Amas d\'Hercule (M13) satisfera le débutant curieux.\r\n\r\nLa monture équatoriale Star Quest offre une grande stabilité avec le Mak90 même à fort grossissement ainsi qu\'une bonne robustesse pour un instrument d\'initiation. Elle permet aussi des positionnements fins sur le ciel grâce à des flexibles présents sur chaque axe. Derivée de la monture de voyage Star Adventurer elle en reprend le design, le système de serrage sur chaque axe, et la qualité de suivi.\r\n\r\nLa queue d\'aronde mâle placée sous le tube optique s\'adapte sur la queue d\'aronde femelle de la monture. La conception en mode équatoriale permet après mise en station (réglage simple de l\'orientation de la monture vers l\'étoile polaire) de compenser la rotation non pas sur deux axes (monture altazimutale) mais seulement sur un. La transportabilité du Mak90 et sa polyvalence en feront un instrument idéal pour l\'astronome nomade aussi tenté par l\'observation terrestre. Paysages, animaux, oiseaux ou détails architecturaux seront alors des cibles de choix. L\'ensemble est compact, léger et facilement transportable pour qui désire observer sous les meilleurs cieux, installer rapidement son équipement sur son balcon/table ou emmener son télescope en voyage ou en vacances.</p>', 1),
(4, 'TÉLESCOPE SKYWATCHER MAKSUTOV 127/1500 SUR AZGTI', 604, 'product_04.jpg', 'product_04_alt1.jpg', 'product_04_alt2.jpg', 'product_04_alt3.jpg', '<p>Le Mak127 de Sky-Watcher associe compacité et performances. Deux fois plus lumineux que le Mak90, l\'observation des objets du ciel profond devient plus évidente. En planétaire, la résolution plus importante permet de débuter en imagerie avec l\'obtention de bons résultats. Le miroir primaire, associé au miroir secondaire et à un ménisque concave traité multi-couches donne ainsi de surprenants résultats.\r\n\r\nLa Lune est une merveille que vous pourrez contempler pendant des années, tant le nombre de cratères qui constelle sa surface est importante. Il n\'y a aucun chromatisme, au contraire des lunettes achromatiques. Le tube est très compact et l\'ensemble facilement transportable.\r\n\r\nLa focalisation, élément clef pour obtenir des images de qualité est effectuée par translation du miroir primaire pour offrir une course de mise au point suffisante avec de nombreux accessoires.\r\n\r\nComplétée par des oculaires de grandes focales, l\'observation des objets du ciel profond les plus brillants telle la grande nébuleuse d\'Orion (M42), l\'Amas d\'Hercule (M13) ou le Double Amas de Persée satisfera le débutant comme l\'amateur curieux. Sous un ciel bien sombre d\'autres objets peuvent être distingués aisément (ceux du catalogue Messier en particulier).\r\n\r\nLa présence d\'une motorisation double axe (avec pointage automatique GOTO) et d\'un suivi (compensation du mouvement apparent des étoiles) facilite son utilisation (maximum de confort).\r\n\r\nMonture AZGTi\r\nPour étendre sa gamme de montures, Sky-Watcher propose un nouveau modèle pour les utilisateurs de lunettes et télescopes intéressés par l\'observation de jour ou de nuit... en GOTO (pointage automatique). L\'AZ-GTi Wifi GOTO est donc une monture altazimutale, système le plus simple, confortable et polyvalent à utiliser, motorisée 2 axes et dotée de son propre réseau Wifi. Grâce à votre smartphone (sous système Google Android ou Apple iOS) et l\'application gratuite SynScan App vous pourrez piloter facilement votre monture sans fil!\r\n\r\nAprès avoir rentré les coordonnées dans l\'application et suivi la procédure simple d\'alignement, vous serez capable d\'explorer l\'Univers grâce à votre smartphone ou tablette! Nul besoin de connaître le ciel grâce à la base de données de plus de 10 000 objets... et l\'aide de la motorisation double axe vous évitera de compenser manuellement la rotation de la Terre. L\'Az-GTi vous permet même à l\'aide de la technologie SkyWatcher Freedom-Find™ de déplacer votre instrument manuellement sans perdre le positionnement. Vous disposez alors du maximum de liberté, choix, flexibilité durant vos observations.\r\n\r\nGrâce à une capacité de charge de 5kg (avec une queue d\'aronde mâle type Vixen optionnelle) vous pouvez utiliser des lunettes jusqu\'à 100/120mm de diamètre ou des Maksutov-Cassegrain de 127 ainsi que des petits Newton (attention à la longueur du tube dans les 3 cas). Le trépied rétractable en aluminium est facilement transportable. C\'est un ensemble (monture + trépied) parfait pour l\'observateur nomade.</p>', 1),
(5, 'SKYWATCHER MAK180 BLACK DIAMOND SUR ÉQUATORIALE EQ6-R PRO GO-TO', 2371, 'product_05.jpg', 'product_05_alt1.jpg', 'product_05_alt2.jpg', 'product_05_alt3.jpg', '<p>Skywatcher MAK180 Black Diamond sur équatoriale EQ6-R PRO Go-To\r\nPlus grand Maksutov-Cassegrain proposé par Sky-Watcher, le Mak 180 rivalise avec les classiques Schmidt-Cassegrain de 203 mm pour un prix très attractif et des performances élevées. Grâce à son diamètre de 180 mm, il récolte 44% de lumière en plus que le modèle Mak 150 mm Sky-Watcher..\r\n\r\nFabriqués avec un haut niveau d\'exigences tant en optique qu\'en mécanique, les Maksutov Sky-Watcher surprendront les amateurs les plus exigeants par la qualité d\'image produite, qui souvent dépasse celle obtenue avec les classiques télescopes de type Schmidt-Cassegrain.\r\n\r\nLes Maksutov sont essentiellement conçus pour exceller dans le domaine de l\'observation planétaire, et le Maksutov 180/2700 Sky-Watcher révèlera de nombreux détails sur les nuages de Jupiter, de belles nuances dans les anneaux et les nuages de Saturne, de très nombreux cratères lunaires et des détails sur Mars et sa calotte polaire.\r\n\r\nEn utilisant l\'oculaire de grande focale (peu grossissant) fourni avec, ce télescope satisfera l\'amateur curieux, pour l\'observation des objets du ciel profond (nébuleuse d\'Orion, amas d\'Hercule ou le Double Amas de Persée). Sous un ciel sombre loin de la pollution lumineuse des villes, d\'autres objets célestes (NGC et Messier) peuvent être vus aisément avec le Maksutov 180/2700 Sky-Watcher.\r\n\r\nEn utilisant un oculaire de grande focale (peu grossissant), ce télescope satisfera le débutant comme l\'amateur curieux, pour l\'observation des objets les plus brillants du ciel profond (nébuleuse d\'Orion, amas d\'Hercule ou le Double Amas de Persée). Sous un ciel sombre loin de la pollution lumineuse des villes, d\'autres objets célestes parmi les plus lumineux du ciel profond (ceux du catalogue Messier en particulier) peuvent être vus avec une bonne définition.\r\n\r\nLa qualité de ses miroirs permet d\'atteindre le pouvoir séparateur théorique de l\'instrument, montrant les anneaux de diffraction sur les étoiles les plus lumineuses, gage d\'une bonne qualité optique. Les miroirs et le ménisque (pièce optique à l\'avant, jouant le rôle de lame de fermeture) sont protégés par traitements anti-reflets et traitements multicouches au Dioxyde de Silicium (SiO2), assurant au passsage une protection durable de l\'aluminure.\r\n\r\nLe télescope est livré avec un chercheur achromatique 9 x 50 (grossissement 9x, diamètre 50 mm) et un oculaire LET 28mm de 55° de champ, au coulant 50,8 mm. Cet oculaire est adapté pour les observations du ciel profond à grand champ. Quant aux observations planétaires, le télescope devra être complété par un oculaire de courte focale et/ou une lentille de barlow, pour obtenir de plus forts grossissements. Pour un confort maximal, le tube optique est livré avec un renvoi-coudé à 90° au coulant 50,8 mm. La mise au point très précise, s\'effectue à l\'arrière avec une molette, par translation du miroir primaire.\r\n\r\nLa monture EQ6-R Pro Go-To qui équipe cet instrument est une monture équatoriale robuste, stable et précise, qui permet un pointage et un suivi automatiques des objets célestes. Cette monture bénéficie des remontées des astronomes amateurs ayant utilisé son prédécesseur, la monture EQ6 Pro GOTO. Bon nombre d\'améliorations ont donc été apportées à l\'EQ6-R, suite à ces remontées.\r\n\r\nUne capacité de charge augmentée à 20 kg (au lieu de 18,2 kg) pour un poids allégé (17,3 kg au lieu de 20 kg pour l\'EQ6)\r\n\r\nDes courroies de transmission donnant un minimum de jeu mécanique (backlash), un pointage plus silencieux, plus de souplesse pour le centrage des objets, et de meilleurs résultats en autoguidage\r\n\r\nDes moteurs plus précis (résolution 0,14\")\r\n\r\nUne augmentation des plages de réglages en latitude et hauteur pour la mise en station\r\n\r\nUn port intégré (SNAP) dans la monture, pour brancher votre Appareil Photo Numérique (APN) et choisir le nombre et le temp de poses\r\n\r\nUne correction d\'erreur périodique (PEC) en mémoire permanente (évite de ré-entraîner la monture à chaque session)\r\n\r\nUn poignée intégrée pour un transport plus aisé.\r\n\r\nLa monture EQ6-R Pro Go-To permet un pointage et un suivi automatiques précis des 42 000 objets célestes mémorisés dans la raquette de commande. Le catalogue d\'objets comporte principalement 100 étoiles remarquables, 7840 objets NGC, 5386 objets IC, 110 objets Messier, un catalogue personnel de 25 objets célestes ainsi que les planètes, la Lune et le Soleil, comètes, astéroïdes...\r\n\r\nAvec sa capacité de charge de 20kg, la monture EQ6-R est apte à supporter ce tube optique de 180 mm sans aucun problème de surcharge.\r\n\r\nSa stabilité, la facilité d\'utilisation de son logiciel, la qualité de son suivi et la précision de son pointage automatique (typiquement 1 minute d\'arc), font de cette monture un outil performant pour l\'astronome amateur qui envisage de prendre des photographies de qualité en longues poses.\r\n\r\nPour celà, un port d\'autoguidage compatible ST-4 équipe le panneau de contrôle de la monture ; vous pourrez ainsi relier une caméra d\'autoguidage à votre monture et obtenir un suivi proche de la perfection. Les vitesses de guidage sont extrêmement précises : 1x, 0.75x , 0.5x ou 0.125x.\r\n\r\nLa raquette de commande SynScan a aussi la capacité à pouvoir être connectée à un ordinateur via un câble de type RS-232. Une fois la communication établie entre le PC et la raquette de commande SynScan, un bon nombre de logiciels de type planétarium peuvent être utilisés pour piloter la monture EQ6-R Pro GOTO.\r\n\r\nLa prise en main de la raquette informatisée SynScan est accessible à tous, et les trésors du cosmos peuvent être pointés par simple pression d\'un bouton lors d\'une découverte automatisée (tour) des objets célestes visibles le soir-même. Même un débutant en astronomie peut aisément découvrir la variété des objets célestes en seulement quelques sessions d\'observations. Il suffira de choisir un objet céleste dans l\'une des listes d\'un catalogue et d\'appuyer sur la touche \"Enter\" pour le voir apparaître dans l\'oculaire de l\'instrument après quelques secondes. Vous avez la possibilité d\'augmenter la base de données de la raquette en téléchargeant la dernière mise à jour sur le site internet Sky-Watcher.com.\r\n\r\nPour un obtenir un suivi des plus réguliers, la monture est équipée d\'origine d\'un système PEC (Periodic Error Correction ou Correction d\'Erreur Périodique) qui va automatiquement intégrer et corriger par anticipation, les défauts mécaniques inhérents à toutes les montures équatoriales. Il en résulte un suivi régulier qui ne nécessite que très peu de corrections lors de séances d\'astrophotographie. Ce mode PEC est enregistré en permanence dans la raquette de commande et sera reproduit à l\'identique lors de la prochaine session d\'observation.\r\n\r\nLa barre de contrepoids est rétractable pour réduire l\'encombrement de la monture et supporte 2 contrepoids de 5 kg chacun.\r\n\r\nPour une mise en station précise, la monture est équipée d\'un viseur polaire éclairé, inséré dans l\'axe polaire de la monture. Il est conçu pour l\'hémisphère Nord et Sud ; une échelle graduée en latitude et un petit niveau sphérique intégré, permettent de réaliser un préréglage de jour. Ce préréglage devra être affiné de nuit sur l\'étoile polaire, grâce à un mouvement fin en azimut qui facilite l\'orientation précise de la monture sur le méridien local.\r\n\r\nL\'assemblage du tube optique de 180 mm, est rapide et sécurisé grâce à la queue d\'aronde standard déjà fournie avec le télescope.\r\n\r\nEnfin, le trépied en acier inoxydable est réglable en hauteur (de 85 à 147 cm) et doté d\'un plateau de rangement pour oculaires, qui vient consolider la stabilité de l\'instrument.</p>', 1),
(6, 'SKY-WATCHER DOBSON FLEXTUBE 130/650 RÉTRACTABLE HERITAGE', 188, 'product_06.jpg', 'product_06_alt1.jpg', 'product_06_alt2.jpg', 'product_06_alt3.jpg', '<p>Pour inviter un maximum de personnes à découvrir les plaisirs de l\'observation du ciel, En 2009, à l\'occasion de l\'anniversaire de la première utilisation d\'une lunette astronomique par Galileo Galilei, Sky-Watcher a décidé de lancer un modèle \"petit format\" de Dobson FlexTube.\r\n\r\nCette gamme d\'instrument de 203 à 305mm offre un aspect pratique unique, grâce au fait que chaque instrument peut être \"replié\" sur lui-même. Cette innovation brevetée permet de gagner en encombrement, en facilité d\'utilisation et en temps. En effet nul besoin de démonter l\'instrument à chaque utilisation, comme sur les Dobson \"classiques\", et de le remonter. De même pour la collimation, après l\'avoir établie à la première utilisation, nul nécessité de la reprendre à chaque observation. En effet, la structure qui soutient le miroir secondaire coulisse à l\'aide de deux tiges rigides vers la cage du miroir primaire, sans déréglage du miroir secondaire par rapport au primaire.\r\n\r\nPar rapport au Telescope Newton de même diamètre, l\'encombrement est divisé par deux, permettant ainsi d\'utiliser une monture différente (non équatoriale). La monture du dobson Sky-Watcher FlexTube Heritage est de type Dobson, compacte et légère. Nul besoin de trépied contrairement aux montures équatoriales ou de mise en station, le télescope doit être orienté haut/bas - gauche/droite pour pointer la Lune ou une planète.\r\n\r\nOutre son aspect pratique, son style est aussi particulier. C\'est non seulement un instrument optique de qualité mais aussi une pièce de collection ou un superbe cadeau à offrir. Le tube optique en aluminium comporte comme inscriptions, les noms de personnages célèbres ayant contribués au développement de l\'Astronomie depuis 400 ans.\r\n\r\nAvec un miroir primaire de 130mm le Dobson FlexTube Heritage 130mm de Sky-Watcher permet de débuter sérieusement grâce à sa capacité à récolter 30% de lumière en plus qu\'un télescope de 114mm. Sous un ciel bien sombre, il est alors possible de voir avec plus de détails qu\'avec un instrument plus petit. Il promet aux débutants désirant investir dans un télescope à la fois lumineux, sans être coûteux, de nombreuses soirées d\'observations riches de découvertes. En observation planétaire après collimation il révélera à l\'aide d\'une Barlow ou d\'un oculaire courte focale de nombreux détails sur Jupiter, Saturne et la Lune.\r\n\r\nSa conception de type Newton offre plusieurs avantages par rapport aux autres familles d\'instruments (lunettes et télescopes Cassegrain). La fabrication tout d\'abord des miroirs est plus économique à diamètre égal et son rapport de focale est généralement plus faible (donc focale plus courte et champ plus important avec un même oculaire). Vous bénéficiez alors pour un budget attractif d\'un télescope lumineux. L\'obstruction centrale est aussi plus faible que les télescopes type Cassegrain, si la collimation (réglage des miroirs) est bien respectée, la qualité d\'image est bonne en planétaire.\r\n\r\nVous pouvez aussi regarder la nouveauté de chez skywatcher, le dobson 150/1200 qui sera plus luminueux mais tout de même plus imposant.\r\n\r\nAu contraire des fabrications très bon marché, les Newton (Dobson) SkyWatcher disposent d\'un miroir primaire parabolique. Dans un premier temps les miroirs sont polis sphériquement puis retaillés pour atteindre une forme paraboloïdale (plus coûteuse et difficile à obtenir). C\'est un critère de choix indispensable pour les instruments au-dessus de 114mm et à f/D court.\r\n\r\nA la fois beau, performant et pratique, nul doute que le Sky-Watcher FlexTube Heritage 130mm vous plaira et vous fera apprécier l\'Astronomie !</p>', 1),
(7, 'SKYWATCHER DOBSON 203/1200 SKYLINER', 363, 'product_07.jpg', 'product_07_alt1.jpg', 'product_07_alt2.jpg', 'product_07_alt3.jpg', '<p>Depuis quelques années, la fièvre des télescopes Dobson envahit de plus en plus les astronomes amateurs conscients que les plus fortes sensations sont ressenties avec les télescopes de grand diamètre. L\'observation des planètes est en effet limitée à Jupiter, Mars, Saturne (et la Lune) alors que les amas, nébuleuses et galaxies se comptent par centaines dans un instrument de 200mm (voir milliers pour les plus grands diamètres sous un ciel sombre). Sans moteur ou électronique, les Dobson sont en effet les instruments procurant le plus de lumière, à un budget donné, par rapport à tout autre type d\'instruments (pour la plupart motorisé et Go-To). SkyWatcher conçoit des Dobson à tubes pleins appréciés des débutants et amateurs depuis de nombreuses années à travers une gamme qui s\'étend du 203mm au 305mm.\r\n\r\nLes 200 et 254mm seront appréciés des amateurs car capable de montrer beaucoup plus d\'objets avec davantage de détails. Ils entrent dans la gamme des instruments que l\'on peut garder de nombreuses années avant d\'en avoir atteint la limite. Il est aussi possible de les associer à des filtres O-III ou UHC pour voir sous un autre regard les plus belles nébuleuses (plus de contraste, moins de pollution lumineuse). Le 305mm offre quant à lui de formidables visions sur des milliers d\'objets (catalogues NGC/Messier). Nébuleuses, amas globulaires et galaxies seront accessibles facilement.\r\n\r\nPour le passionné d\'observation visuelle c\'est le meilleur rapport performance/prix! Offrez-vous un \"vrai\" télescope sans tarder. Sensations fortes garanties, investissement minime!\r\n\r\nLa conception Newton offre plusieurs avantages par rapport aux autres familles d\'instruments (lunettes et télescopes Cassegrain). La fabrication tout d\'abord des miroirs est plus économique à diamètre égal et son rapport de focale est généralement très faible. Vous bénéficiez alors pour un budget très attractif d\'un télescope lumineux qui fournit un champ quasiment dépourvu de coma sur le modèle de 200mm (le 254 et 305mm avec leur rapport de focale court, peuvent être complété d\'un correcteur de coma). L\'obstruction centrale est aussi plus faible que les télescopes type Cassegrain, si la collimation (réglage des miroirs) est bien respectée, la qualité d\'image est bonne en planétaire. La monture Dobson diminue aussi considérablement le prix de ce télescope comparativement aux montures équatoriales motorisées.\r\n\r\nAu contraire des fabrications très bon marché ou les télescopes Newton de petits diamètres, les Newton (Dobson) Sky-Watcher de 203, 254 et 305mm disposent d\'un miroir primaire parabolique. Les miroirs sont polis sphériquement puis retaillés pour atteindre une forme paraboloïdale (plus coûteuse et difficile à obtenir). C\'est un critère de choix indispensable pour les instruments au-dessus de 130mm et à f/D court.\r\n\r\nLa mise au point s\'obtient par l\'intermédiaire d\'un porte oculaire Crayford bi-coulant. Un adaptateur 31.75mm est en fourni en standard pour utiliser des oculaires de même format à partir de la sortie en 50.8mm. Une vis de serrage située en bas du porte oculaire permet de maintenir la mise au point suivant l\'orientation du tube optique.\r\n\r\nUn chercher achromatique sur son support est aussi livré en standard. Avec un grand diamètre de 50mm pour un grossissement de 9x, il révèle des objets invisibles dans les chercheurs de plus petites dimensions.\r\n\r\nSky-Watcher ne propose pas seulement des télescopes à des prix très avantageux mais aussi des instruments faciles à utiliser comme le montre le système de basculement qui équipe les Dobson de 203, 254mm et 305mm. La firme sino-canadienne a en effet développé et breveté (United States Patent No. 6,940,642) une poignée qui permet de serrer ou de desserrer la fourche sur le tube optique. Ainsi en fonction de l\'inclinaison du tube et du poids des accessoires présents dans le porte oculaire (tête binoculaire, oculaires de différents coulants) l\'observateur peut augmenter ou diminuer les frictions. Le tube est alors suffisamment maintenu pour ne pas basculer vers le bas comme c\'est le cas avec d\'autres fabrications et assez libre pour être orienté facilement vers un autre endroit du ciel.\r\n\r\nAu niveau du matériau employé pour le miroir primaire, les Dobson 254mm et 305mm bénéficient d\'un verre en Pyrex qui a pour effet de réduire les effets de dilatation dûs aux changements thermiques. En effet sous coefficient d\'expansion thermique est plus faible que le verre standard ce qui réduit son temps de mise en température et assure une meilleure qualité d\'image.</p>', 1),
(8, 'LUNETTE RÉFRACTEUR STARSENSE EXPLORER ™ DX 102AZ POUR SMARTPHONE', 426, 'product_08.jpg', 'product_08_alt1.jpg', 'product_08_alt2.jpg', 'product_08_alt3.jpg', '<p>Celestron a réinventé le télescope manuel avec StarSense Explorer, le premier télescope qui utilise votre smartphone pour analyser le ciel nocturne et calculer sa position en temps réel. StarSense Explorer est idéal pour les débutants grâce à l\'interface conviviale de l\'application et à des didacticiels détaillés. C\'est comme avoir votre propre guide personnel du ciel nocturne.\r\n\r\nDESCRITPTION\r\nAmarrer, lancer, explorer\r\nLaissez les étoiles compliquées, les applications de planétarium imprécises et les montures informatisées derrière vous. Avec StarSense Explorer, localiser des objets n\'a jamais été aussi simple, rapide et précis.\r\n\r\nQuelques minutes après l\'installation du télescope, vous naviguerez dans le ciel en toute confiance. Placez simplement votre téléphone dans la station d\'accueil unique StarSense et lancez l\'application StarSense Explorer.\r\n\r\nAprès avoir aligné votre téléphone sur l\'optique du télescope (une procédure rapide de 2 minutes), StarSense Explorer génère une liste des objets célestes actuellement visibles. Faites votre sélection et des flèches apparaissent à l\'écran, vous guidant pendant que vous déplacez le télescope. Lorsque l\'objet est prêt à être visualisé, la bulle devient verte.\r\n\r\nCompatibilité des smartphones\r\nStarSense Explorer fonctionne avec la plupart des smartphones modernes, y compris l\'iPhone 6 et plus et la plupart des appareils fonctionnant sous Android 7.1.2 ou version ultérieure fabriqués depuis 2016. \r\n\r\nTechnologie de reconnaissance StarSense Sky en instance de brevet\r\nStarSense Explorer utilise une technologie en instance de brevet et votre smartphone pour déterminer exactement où le télescope est pointé dans le ciel nocturne. Un algorithme perdu dans l\'espace (LISA) , comme ceux que les satellites utilisent en orbite pour se réorienter correctement, aide l\'application à faire correspondre les motifs d\'étoiles qu\'elle détecte au-dessus de sa base de données interne.\r\n\r\nAlors que d\'autres applications d\'astronomie peuvent prétendre qu\'elles peuvent vous aider à trouver des objets, elles s\'appuient exclusivement sur les gyroscopes et accéléromètres du téléphone, qui ne sont pas aussi précis que la technologie LISA. Aucune autre application ne peut vous dire avec précision quand votre cible est visible dans l\'oculaire.\r\n\r\nMonture Altazimuth de haute qualité avec contrôle de ralenti\r\nUne monture altazimutale ultra-stable fournit une base solide pour StarSense Explorer DX. Les embrayages à glissement et les commandes de ralenti à engrenages dans les deux axes vous aident à déplacer le télescope en douceur et à zéro dans votre cible. Alors que les objets célestes semblent dériver dans le ciel nocturne, vous pourrez les suivre en tournant simplement les boutons. Tout est ancré par un trépied réglable pleine hauteur.\r\n\r\nDes vues éblouissantes avec des optiques de haute qualité\r\nAvec un grand objectif de 102 mm (4 ”), ce télescope a une capacité de collecte de lumière suffisante pour faire ressortir des détails impressionnants dans les objets célestes. Vous pouvez vous attendre à des vues nettes et lumineuses des quatre lunes galiléennes de Jupiter, de ses bandes nuageuses et de la grande tache rouge, des anneaux de Saturne, du trapèze de la nébuleuse d\'Orion et du magnifique amas d\'étoiles ouvertes de Pleaides.\r\n\r\nLes revêtements optiques XLT de Celestron améliorent la transmission de la lumière, améliorant encore plus les vues.  Le télescope comprend également une diagonale d\'image dressée à 90 degrés, vous pouvez donc l\'utiliser pendant la journée pour voir les oiseaux, la faune, les paysages, etc.\r\n\r\nParfait pour les sites de la ville ou du ciel sombre\r\nMême si vous vivez dans une ville légèrement polluée, StarSense Explorer est suffisamment avancé pour pouvoir choisir Jupiter, Saturne, Vénus, la nébuleuse d\'Orion, des étoiles doubles et quelques autres objets célestes les plus célèbres.\r\n\r\nMais si vous pouvez emmener le télescope dans un endroit encore légèrement plus sombre, plus d\'objets deviendront visibles. Avec ce réfracteur de 4 pouces et un ciel relativement sombre, la galaxie d\'Andromède, l\'amas d\'étoiles ouvert Hercules et bien d\'autres sont facilement à votre portée.\r\n\r\nL\'ensemble du kit de télescope ne pèse que 14,2 livres, il est donc parfaitement portable et facile à emporter lors de votre prochain voyage de camping ou sur un site d\'observation éloigné.</p>', 3),
(9, 'TÉLESCOPE ADVANCED VX 700 MAKSUTOV-CASSEGRAIN - CELESTRON', 2640, 'product_09.jpg', 'product_09_alt1.jpg', 'product_09_alt2.jpg', 'product_09_alt3.jpg', '<p>Le télescope 700 Maksutov-Cassegrain Advanced VX  (AVX) (Advanced VX 700 Mak) est un instrument spécialisé conçu pour des vues détaillées et à contraste élevé qui établit une norme dans les télescopes de niveau intermédiaire. Avec son tube optique Maksutov-Cassegrain et sa robuste monture équatoriale Advanced VX et son trépied, ce kit offre des vues inégalées des planètes et des vues rapprochées de la surface lunaire, y compris les cratères et Maria.\r\n\r\nLes astronomes situés dans les zones urbaines apprécieront particulièrement la capacité du Mak à faire ressortir plus de contraste dans les objets célestes. Mais comme l\'ensemble du kit se démonte en pièces séparées, légères et gérables, c\'est également un excellent choix pour le transport vers des sites de ciel sombre.\r\n\r\nDESCRITPION\r\nConception optique Maksutov-Cassegrain\r\nLe Mak est un télescope catadioptrique, ce qui signifie que la conception optique comprend à la fois une lentille et un miroir. La lumière passant à travers un Mak passe à travers la lentille correcteur vers le miroir primaire et retourne vers un miroir secondaire sphérique avant de toucher l\'oculaire. Les images sont lumineuses, nettes et pratiquement exemptes d\'aberration chromatique\r\n\r\nLa conception optique du Maksutov-Cassegrain offre plusieurs avantages uniques. Au lieu d\'un miroir secondaire, le Mak comporte un «point secondaire» de revêtement réfléchissant appliqué directement à l\'intérieur de la plaque correcteur.\r\n\r\nPour cette raison, le télescope ne nécessite pas de collimation fréquente comme un Schmidt-Cassegrain. En outre, le spot secondaire est nettement plus petit qu\'un miroir secondaire Schmidt-Cassegrain traditionnel, donnant au Mak ses vues à contraste élevé.\r\n\r\nUne chose importante à noter à propos des télescopes Maksutov-Cassegrain est que la plaque correcteur Maksutov plus grande et plus lourde prend plus de temps à se refroidir et à s\'ajuster à la température de l\'air ambiant par rapport à un Schmidt-Cassegrain de la même ouverture.\r\n\r\nVX et trépied avancés\r\nLa monture Advanced VX est conçue pour offrir des performances supérieures aux petits télescopes tout en tirant parti des technologies les plus avancées de Celestron: All-Star Polar Alignment, logiciel de contrôle de télescope Celestron PWI, SkyAlign et correction d\'erreur périodique programmable en permanence (PPEC).\r\n\r\nSi vous êtes un imageur expérimenté, vous adorerez emporter ce support portable sur un site de ciel sombre et profiter de toutes les commodités d\'un support d\'observation plus grand. Ou, si vous débutez dans l\'imagerie, Advanced VX vous aidera à vous lancer dans le passe-temps et à répondre à vos besoins pour les années à venir.\r\n\r\nMonture équatoriale allemande informatisée\r\nL\'Advanced VX est la plus petite des montures équatoriales allemandes de Celestron. La fonction GoTo informatisée suit automatiquement les objets lorsqu\'ils se déplacent dans le ciel nocturne. Le support Advanced VX comprend des ports pour une commande manuelle, un autoguideur et 2 ports AUX pour les accessoires en option. La commande manuelle NexStar + vous donne un accès instantané à toutes les fonctions de votre monture.\r\n\r\nGrâce à la rotation automatique et à la description des menus, les astronomes de tous niveaux peuvent maîtriser cette monture en quelques sessions d\'observation. L\'Advanced VX dispose également d\'un trépied impressionnant pour sa catégorie avec des pieds de trépied en acier de 2 pouces de diamètre, offrant une position extra-large pour une stabilité améliorée.\r\n\r\nCapacité de charge utile\r\nLa capacité de charge utile de l\'Advanced VX est de 30 lb. Il offre une plate-forme robuste pour le tube optique Maksutov-Cassegrain de 7 pouces , même lorsqu\'il est associé à des accessoires optionnels tels que StarSense AutoAlign , Focus Motor , un chercheur et une caméra . La capacité de charge utile de Celestron n\'inclut pas le poids des contrepoids. \r\n\r\nDouble plaque de selle\r\nDepuis début 2019, les supports Advanced VX comprennent une double plaque de selle pouvant accueillir à la fois les queues d\'aronde de style CG-5 et CGE. La commutation entre les deux plaques de selle est aussi simple que de déplacer les boutons manuels dans un ensemble séparé de trous.\r\n\r\nVous pouvez utiliser votre monture Advanced VX non seulement avec le Mak 7 ”, mais avec pratiquement n\'importe quel tube optique dans la limite de poids d\'Advanced VX.  Compatible avec les queues d\'aronde au format Vixen de 100 mm ou plus, non compatible avec les plaques au format Losmandy D (quel que soit le fabricant de la plaque).\r\n\r\nLogiciel de contrôle du télescope Celestron PWI\r\nVotre suite logicielle d\'astronomie ultime\r\n\r\nTous les télescopes informatisés Celestron actuels incluent Celestron PWI (CPWI), la suite logicielle d\'astronomie la plus avancée fournie avec n\'importe quel télescope grand public. Les experts de Celestron ont co-développé CPWI avec les ingénieurs de PlaneWave Instruments. Le résultat est une solution tout-en-un qui vous offre plusieurs des mêmes fonctionnalités que celles utilisées sur les télescopes de classe observatoire de PlaneWave.\r\n\r\nL\'interface graphique de planétarium avec la modélisation de montage avancée PointXP vous permet d\'ajouter plus de 100 points à votre modèle d\'alignement pour un pointage et un suivi les plus précis possibles\r\nIdéal pour les configurations d\'observatoires à distance: enregistrez et rechargez votre alignement et garez votre lunette\r\nFournit une interface de télescope ASCOM complète pour permettre le contrôle du télescope à partir d\'applications logicielles tierces\r\nLogiciel Starry Night\r\nUn téléchargement gratuit du logiciel Starry Night Special Edition de Celestron est également inclus avec votre achat. Ce logiciel avancé de Simulation Curriculum offre des informations détaillées sur les objets célestes et vous aide à planifier votre prochaine session d\'observation ou d\'imagerie. Le logiciel Special Edition inclut également le contrôle du télescope via votre PC.\r\n\r\nAccessoires inclus\r\nL\'Advanced VX 700 Mak est livré avec un dos visuel de 2 ”, une diagonale en étoile de 2” avec un adaptateur de 1,25 ”, un oculaire large de 2” de 28 mm et un grand chercheur droit 8x50. Le tube optique peut accueillir les plus grands 2” accessoires, tels que 2” lentilles Barlow , le kit 2” oculaire et le filtre , et grands oculaires à grand champ.\r\n\r\nCARACTERISTIQUES</p>', 3),
(10, 'TÉLESCOPE CGEM II 700 MAKSUTOV-CASSEGRAIN', 3575, 'product_10.jpg', 'product_10_alt1.jpg', 'product_10_alt2.jpg', 'product_10_alt3.jpg', '<p>Le télescope 700 Maksutov-Cassegrain CGEM II (CGEM II 700 Mak) est un instrument spécialisé conçu pour des vues détaillées et à contraste élevé d\'objets célestes plus petits comme les planètes.\r\n\r\nAvec le tube optique Maksutov-Cassegrain et la monture équatoriale robuste et le trépied, ce kit fournira des vues inégalées des planètes et des vues rapprochées de la surface lunaire, y compris les cratères et maria, les Maks sont également bien adaptés à la chasse plus petite, plus faible, profonde les objets du ciel tels que les amas globulaires et les nébuleuses planétaires.\r\n\r\nLes astronomes situés dans les zones urbaines apprécieront la capacité du Mak à faire ressortir plus de contraste dans les objets célestes. Le transport de l\'ensemble du système vers un site sombre n\'est pas non plus un problème.\r\n\r\nLe tube optique, la tête de montage, le trépied, la barre de contrepoids et le contrepoids se démontent tous, sans aucun outil, en pièces maniables séparées.\r\n\r\n\r\n\r\nDESCRIPTION\r\n\r\n\r\nConception optique Maksutov-Cassegrain\r\nLe Mak est un télescope catadioptrique, ce qui signifie que la conception optique comprend à la fois une lentille et un miroir. La lumière traversant un Mak passe à travers la lentille correcteur vers le miroir primaire et retourne vers un miroir secondaire sphérique avant qu\'elle ne frappe votre oculaire. Les images sont lumineuses, nettes et pratiquement exemptes d\'aberration chromatique.\r\n\r\n\r\n\r\nLa conception optique du Maksutov-Cassegrain offre plusieurs avantages uniques. Au lieu d\'un miroir secondaire, le Mak comporte un «point secondaire» de revêtement réfléchissant appliqué directement à l\'intérieur de la plaque correcteur. Pour cette raison, le télescope ne nécessite pas de collimation fréquente comme un Schmidt-Cassegrain.\r\n\r\nEn outre, le spot secondaire est nettement plus petit qu\'un miroir secondaire Schmidt-Cassegrain traditionnel, donnant au Mak ses vues à contraste élevé.\r\n\r\n\r\n\r\nUne chose importante à noter à propos des télescopes Maksutov-Cassegrain est que la plaque correcteur Maksutov plus grande et plus lourde prend plus de temps à se refroidir et à s\'ajuster à la température de l\'air ambiant par rapport à un Schmidt-Cassegrain de la même ouverture.\r\n\r\n\r\n\r\n\r\n\r\nMonture et trépied CGEM II\r\nCGEM II est une monture équatoriale robuste capable de supporter de manière rigide le 700 Mak. Sa capacité de charge de 40 lb peut gérer le tube optique de 19 lb avec facilité, laissant une grande capacité à revendre pour votre appareil photo et tous les accessoires.\r\n\r\nLe trépied robuste à hauteur réglable a des pieds de trépied en acier de 2 ”de diamètre avec des marques graduées qui facilitent l\'extension des pieds à la même hauteur. Le 700 Mak se connecte directement au CGEM II grâce à sa barre de montage en queue d\'aronde CGE.\r\n\r\n\r\n\r\nLe support regorge de fonctionnalités et de commodités qui facilitent l\'imagerie avec le 700 Mak. La monture entièrement informatisée «GoTo» automatiquement n\'importe lequel des 40 000 objets astronomiques sélectionnés dans la base de données du contrôleur manuel NexStar + et suit automatiquement l\'objet lorsqu\'il semble se déplacer dans le ciel nocturne.\r\n\r\n\r\n\r\nConçu avec l\'imagerie à l\'esprit, le système d\'entraînement du moteur CGEM II suit avec précision pendant une exposition. Au cœur du système se trouvent des servomoteurs CC à faible pignon avec encodeurs optiques intégrés.\r\n\r\nLa conception à faible pignon aide les moteurs à fonctionner sans à-coups, tandis que les encodeurs optiques intégrés assurent la précision. Les moteurs font tourner des engrenages à vis sans fin en acier, qui sont soutenus par des roulements de précision, contre des roues à vis sans fin en laiton. Ces composants contribuent également à faire fonctionner le système d\'entraînement du moteur de manière fluide et précise.\r\n\r\n\r\n\r\nPour suivre des objets dans le ciel nocturne, la monture doit d\'abord être alignée polaire. Celestron rend ce processus plus facile que jamais avec la procédure innovante d\'alignement polaire All-Star. Aucun équipement supplémentaire, tel qu\'une lunette de visée polaire, n\'est requis. (Un viseur d\'alignement polaire en option est disponible si vous le souhaitez.) Mieux encore, l\'alignement peut généralement être terminé en environ 15 minutes, même sans une vue claire de Polaris.\r\n\r\n\r\n\r\nToutes les montures ont une certaine «erreur de suivi périodique» inhérente à elles causée par de minuscules imperfections d\'engrenage. Pour atténuer cela, le CGEM II dispose d\'une correction d\'erreur périodique permanente (PPEC). Cela vous permet d\'exécuter une routine pour enregistrer les erreurs périodiques une seule fois; l\'enregistrement est conservé en mémoire et corrige par la suite l\'erreur de suivi périodique de la monture. Si un niveau de précision de suivi encore plus élevé est souhaité, le CGEM II dispose également d\'un port d\'autoguidage dédié pour connecter une caméra d\'autoguidage directement à la monture afin de corriger les erreurs de suivi résiduelles.\r\n\r\n\r\n\r\nLes conditions d\'imagerie sont meilleures lorsque les objets célestes sont à leur point le plus élevé dans le ciel avec l\'arrière-plan le plus sombre, appelé méridien. Mais certaines montures équatoriales allemandes ont du mal à suivre près du méridien car elles doivent effectuer un «retournement méridien», réajustant leur position pour éviter que le tube ne heurte la monture.\r\n\r\nCGEM II ne souffre pas de ce problème, imagerie à travers le méridien avec facilité et ne nécessitant pas de retournement du méridien jusqu\'à ce que l\'objet soit à 20 ° au-delà du méridien.\r\n\r\n\r\n\r\nLe NexStar + dispose également de dizaines d\'autres fonctions pour contrôler tous les aspects du comportement de la monture. Ceux-ci inclus:\r\n\r\n\r\n\r\nPlusieurs façons d\'aligner la monture sur le ciel nocturne\r\nVitesse de rotation réglable jusqu\'à 5 ° / seconde\r\nCompatibilité hémisphère nord ou sud\r\nTaux d\'autoguidage ajustables\r\nMode veille prolongée pour que le support puisse être mis hors tension sans perte d\'alignement\r\nDéveloppement continu du micrologiciel, avec de nouvelles fonctionnalités ajoutées régulièrement\r\n\r\n\r\nEn plus du port d\'autoguidage, le CGEM II dispose également d\'autres ports pour améliorer et étendre les capacités de la monture. La télécommande dispose d\'un port USB 2.0 pour ceux qui souhaitent contrôler la monture avec un ordinateur externe et un logiciel tiers en option. Il y a un port AUX sur le support qui peut prendre en charge des accessoires en option tels que StarSense AutoAlign.\r\n\r\n\r\n\r\nLors de l\'imagerie, la gestion des câbles peut être un problème. La caméra a un câble, la source d\'alimentation du support a un câble, et des câbles supplémentaires peuvent provenir d\'une connexion informatique et d\'augtoguider.\r\n\r\nPour minimiser les problèmes de gestion des câbles et éviter les accrocs indésirables, tout le câblage du support est logé en interne. Cela élimine également la nécessité de connecter ou de déconnecter un câble de moteur de décélération externe lorsque le support est installé ou en panne.</p>', 3);

--
-- Index pour les tables déchargées
--

--
-- Index pour la table `account`
--
ALTER TABLE `account`
  ADD PRIMARY KEY (`id`);

--
-- Index pour la table `category`
--
ALTER TABLE `category`
  ADD PRIMARY KEY (`id`);

--
-- Index pour la table `comment`
--
ALTER TABLE `comment`
  ADD PRIMARY KEY (`id`),
  ADD KEY `id_product` (`id_product`,`id_account`);

--
-- Index pour la table `product`
--
ALTER TABLE `product`
  ADD PRIMARY KEY (`id`),
  ADD KEY `fk_category` (`category`);

--
-- AUTO_INCREMENT pour les tables déchargées
--

--
-- AUTO_INCREMENT pour la table `account`
--
ALTER TABLE `account`
  MODIFY `id` int(10) NOT NULL AUTO_INCREMENT, AUTO_INCREMENT=21;

--
-- AUTO_INCREMENT pour la table `comment`
--
ALTER TABLE `comment`
  MODIFY `id` int(10) NOT NULL AUTO_INCREMENT, AUTO_INCREMENT=55;

--
-- Contraintes pour les tables déchargées
--

--
-- Contraintes pour la table `product`
--
ALTER TABLE `product`
  ADD CONSTRAINT `fk_category` FOREIGN KEY (`category`) REFERENCES `category` (`id`);
COMMIT;

/*!40101 SET CHARACTER_SET_CLIENT=@OLD_CHARACTER_SET_CLIENT */;
/*!40101 SET CHARACTER_SET_RESULTS=@OLD_CHARACTER_SET_RESULTS */;
/*!40101 SET COLLATION_CONNECTION=@OLD_COLLATION_CONNECTION */;
